<portfolio>
  <perfil nombre="Tu Nombre" ciudad="Medellín" rol="Frontend Developer"/>
  <proyectos>
    <proyecto>
      <titulo>Landing Café</titulo>
      <url>https://BienRaiz.com</url>
      <tags>
        <tag>HTML</tag>
        <tag>CSS</tag>
        <tag>JS</tag>
      </tags>
    </proyecto>
    <proyecto>
      <titulo>App Clima</titulo>
      <url>https://Bigtoursmedellin.com</url>
      <tags>
        <tag>JS</tag>
        <tag>API</tag>
      </tags>
    </proyecto>
  </proyectos>
</portfolio>
